word;freq
Epistemological assumptions;10
Epistemological stance;10
Epistemologial beliefs;10
Epistemological perspectives;8
Epistemological approaches;7
Epistemological understanding;7
Epistemological frameworks;7
Epistemological underpinnings;7
Epistemic stance;7
Epistemic beliefs;6
Epistemic cognition;5
Epistemic reasoning ;5
Epistemic assumptions;5
Epistemic criteria;5
Epistemic dependence;5
Epistemic knowledge;5
Epistemological orientations;5
Epistemological knowledge;5
Epistemological resources;5
Epistemological thought;5
Epistemic regulation;3
Epistemic styles;3
Epistemic validation;3
Epistemological dispositions;3
Epistemological forms;3
Folk epistemology;3
Implicit epistemology;3
Epistemological worldviews;3
Epistemic elaboration;2
Epistemic monitoring processes;2
Epistemic worldviews;2
Epistemically related beliefs;2
Epistemological intentions;2
Psycho-epistemological styles;2